曲名	類型	情境	演出者	檔名
Our Last Night	流行	鼓舞人心	Televisions	Our Last Night - Televisions.mp3
Obstacle	搖滾	戲劇性	Televisions	Obstacle - Televisions.mp3
Your Sympathy	流行	戲劇性	Televisions	Your Sympathy - Televisions.mp3
Summertime	搖滾	悲傷	Televisions	Summertime - Televisions.mp3
Presence	搖滾	悲傷	A Person Unknown	Presence - A Person Unknown.mp3
Flow My Tears	搖滾	悲傷	A Person Unknown	Flow My Tears - A Person Unknown.mp3
Mirrors	搖滾	悲傷	A Person Unknown	Mirrors - A Person Unknown.mp3
The Foggy Dew	搖滾	鼓舞人心	A Person Unknown	The Foggy Dew - A Person Unknown.mp3
Wonderland	另類和龐克	鼓舞人心	True Blue Music _ Lore Vain and Jeremy Black	Wonderland - True Blue Music _ Lore Vain and Jeremy Black.mp3
High Beams	搖滾	鼓舞人心	True Blue Music _ Eclipt	High Beams - True Blue Music _ Eclipt.mp3
This Is The End	搖滾	憤怒	True Blue Music _ Bosley	This Is The End - True Blue Music _ Bosley.mp3
Ego Chall	舞曲和電音	戲劇性	Blue Deer Studio	Ego Chall - Blue Deer Studio.mp3
Vibe Check	舞曲和電音	鼓舞人心	Blue Deer Studio	Vibe Check - Blue Deer Studio.mp3
Toys Are Us	兒童	開心	Blue Deer Studio	Toys Are Us - Blue Deer Studio.mp3
Cutscene Crush	電影配樂	鼓舞人心	Blue Deer Studio	Cutscene Crush - Blue Deer Studio.mp3
Dripped Out	流行	鼓舞人心	Blue Deer Studio	Dripped Out - Blue Deer Studio.mp3
Taking Flight	電影配樂	鼓舞人心	Blue Deer Studio	Taking Flight - Blue Deer Studio.mp3
Don't Yuck My Yum	搖滾	輕快	Blue Deer Studio	Don't Yuck My Yum - Blue Deer Studio.mp3
Happy Tails	鄉村和民謠	輕快	Blue Deer Studio	Happy Tails - Blue Deer Studio.mp3
Survival Mode	舞曲和電音	鼓舞人心	Blue Deer Studio	Survival Mode - Blue Deer Studio.mp3
Travelling Light	電影配樂	輕快	Blue Deer Studio	Travelling Light - Blue Deer Studio.mp3
Wildfire	鄉村和民謠	浪漫	Jessie Villa	Wildfire - Jessie Villa.mp3
Kuntry Boy	鄉村和民謠	鼓舞人心	Anno Domini Beats	Kuntry Boy - Anno Domini Beats.mp3
Gone Away	搖滾	鼓舞人心	Blue Beat Review	Gone Away - Blue Beat Review.mp3
Lost Myself	搖滾	戲劇性	Lalanne	Lost Myself - Lalanne.mp3
Wait Too Long	鄉村和民謠	鼓舞人心	Anno Domini Beats	Wait Too Long - Anno Domini Beats.mp3
In The Morning	搖滾	浪漫	Blue Beat Review	In The Morning - Blue Beat Review.mp3
Halfway In	節奏藍調和靈魂樂	浪漫	Anno Domini Beats	Halfway In - Anno Domini Beats.mp3
I Love What You Do To Me	爵士和藍調	浪漫	The Soundlings	I Love What You Do To Me - The Soundlings.mp3
Always Yours (feat. The Parrisian & Parris Fleming)	節奏藍調和靈魂樂	浪漫	The Parrisian feat. Parris Fleming	Always Yours (feat. The Parrisian & Parris Fleming) - The Parrisian feat. Parris Fleming.mp3
